,Rank,City,Country,pollution_index,pollution_exp_index
0,1,Tetovo, North Macedonia,95.62,174.43
1,2,Kathmandu, Nepal,95.37,173.10
2,3,Faridabad, India,94.38,170.70
3,4,Accra, Ghana,93.65,169.11
4,5,Ulaanbaatar, Mongolia,93.59,172.61
5,6,Beirut, Lebanon,93.51,168.29
6,7,Dhaka, Bangladesh,93.33,168.56
7,8,Ghaziabad, India,93.30,168.90
8,9,Ho Chi Minh City, Vietnam,92.48,167.51
9,10,Noida, India,92.43,169.09
10,11,Kabul, Afghanistan,92.00,165.80
11,12,Gurgaon, India,91.57,165.72
12,13,Cairo, Egypt,91.51,165.31
13,14,Yangon, Myanmar,91.51,165.24
14,15,Baghdad, Iraq,91.34,164.84
15,16,Kanpur, India,91.03,164.06
16,17,Delhi, India,90.67,165.10
17,18,Allahabad, India,90.25,163.59
18,19,Karachi, Pakistan,90.04,161.21
19,20,Manila, Philippines,89.86,162.21
20,21,Hanoi, Vietnam,89.36,161.52
21,22,Patna, India,89.20,161.95
22,23,Lagos, Nigeria,89.13,159.25
23,24,Varanasi, India,88.45,158.42
24,25,Pattaya, Thailand,88.36,158.47
25,26,Chelyabinsk, Russia,88.24,159.51
26,27,Tirana, Albania,87.82,157.22
27,28,Raipur, India,87.36,157.97
28,29,Ludhiana, India,86.11,154.99
29,30,Amritsar, India,86.04,154.16
30,31,Marrakech, Morocco,85.25,153.14
31,32,Lima, Peru,85.11,152.64
32,33,Krasnoyarsk, Russia,84.88,162.01
33,34,Jakarta, Indonesia,84.42,150.79
34,35,Cebu, Philippines,84.33,150.72
35,36,Taichung, Taiwan,84.27,151.39
36,37,Agra, India,83.19,148.50
37,38,Bangalore, India,83.14,147.87
38,39,Gwalior, India,83.01,147.44
39,40,Mumbai, India,83.01,147.60
40,41,Beijing, China,82.96,147.96
41,42,Quezon City, Philippines,82.89,148.39
42,43,Skopje, North Macedonia,82.75,157.10
43,44,Faisalabad, Pakistan,82.73,147.84
44,45,Mexico City, Mexico,82.57,148.69
45,46,Casablanca, Morocco,82.25,147.23
46,47,Meerut, India,81.43,144.64
47,48,Tehran, Iran,81.34,153.33
48,49,Vientiane, Laos,81.14,145.12
49,50,Jalandhar, India,80.51,143.34
50,51,Phnom Penh, Cambodia,80.50,143.46
51,52,Dnipro, Ukraine,80.49,142.94
52,53,Addis Ababa, Ethiopia,79.79,140.90
53,54,Nairobi, Kenya,79.72,142.30
54,55,Sao Paulo, Brazil,79.51,142.38
55,56,Harare, Zimbabwe,78.83,140.64
56,57,Kaohsiung, Taiwan,78.65,143.70
57,58,Lahore, Pakistan,78.53,140.99
58,59,Almaty, Kazakhstan,78.45,148.50
59,60,Kolkata, India,78.33,138.79
60,61,Lucknow (Lakhnau), India,78.11,138.85
61,62,Monaco, Monaco,77.99,139.28
62,63,Naples, Italy,77.31,137.86
63,64,Bangkok, Thailand,77.21,136.83
64,65,Shanghai, China,77.12,137.51
65,66,Chiang Mai, Thailand,77.08,140.24
66,67,Santo Domingo, Dominican Republic,76.71,135.15
67,68,Guwahati, India,76.61,135.54
68,69,Brescia, Italy,76.58,138.33
69,70,Hyderabad, India,76.29,133.79
70,71,Bali, Indonesia,76.09,133.90
71,72,Yekaterinburg, Russia,75.94,134.11
72,73,Baku, Azerbaijan,75.84,133.30
73,74,Amman, Jordan,75.68,132.97
74,75,Chennai, India,75.33,131.81
75,76,Bucharest, Romania,75.26,134.61
76,77,Haifa, Israel,74.79,137.75
77,78,Krakow (Cracow), Poland,74.29,144.19
78,79,Tbilisi, Georgia,74.24,135.75
79,80,Guangzhou, China,74.17,131.09
80,81,Tijuana, Mexico,73.93,130.09
81,82,Alexandria, Egypt,73.92,129.83
82,83,Baguio, Philippines,73.66,131.94
83,84,Caracas, Venezuela,73.63,130.19
84,85,Vijayawada, India,73.56,129.81
85,86,Bishkek, Kyrgyzstan,73.38,137.08
86,87,Suzhou, China,73.26,135.95
87,88,Ahmedabad, India,73.19,128.29
88,89,Belgaum, India,73.10,129.88
89,90,Chengdu, China,72.97,132.76
90,91,Tunis, Tunisia,72.62,127.45
91,92,Guatemala City, Guatemala,72.38,126.45
92,93,Marseille, France,72.15,131.26
93,94,Kingston, Jamaica,72.11,127.04
94,95,Kochi, India,71.99,125.91
95,96,Peshawar, Pakistan,71.76,127.32
96,97,Novosibirsk, Russia,71.39,125.18
97,98,Pune, India,71.07,123.87
98,99,Turin, Italy,70.84,134.70
99,100,Katowice, Poland,70.77,126.02
100,101,Monterrey, Mexico,70.49,129.60
101,102,Bogota, Colombia,70.42,130.32
102,103,Algiers, Algeria,70.38,124.07
103,104,Santiago, Chile,70.00,133.26
104,105,Dehradun, India,70.00,122.20
105,106,Makati, Philippines,69.74,123.03
106,107,Istanbul, Turkey,69.21,120.47
107,108,Guayaquil, Ecuador,69.14,120.44
108,109,Sofia, Bulgaria,68.62,127.51
109,110,Jeddah (Jiddah), Saudi Arabia,68.18,120.04
110,111,Hong Kong, Hong Kong,67.73,120.54
111,112,Bandung, Indonesia,67.58,116.99
112,113,Hangzhou, China,67.52,125.47
113,114,Milan, Italy,67.43,125.07
114,115,Rio de Janeiro, Brazil,67.40,118.65
115,116,Los Angeles," CA, United States",67.28,117.58
116,117,Tabriz, Iran,67.24,121.08
117,118,Lodz, Poland,67.19,121.65
118,119,Sarajevo, Bosnia And Herzegovina,66.77,123.13
119,120,Kuala Lumpur, Malaysia,66.68,115.44
120,121,Wroclaw, Poland,66.61,122.51
121,122,Rome, Italy,66.32,123.44
122,123,Barcelona, Spain,66.16,115.83
123,124,Quito, Ecuador,66.10,115.46
124,125,Jammu, India,66.01,114.11
125,126,Visakhapatnam, India,65.98,115.05
126,127,Kuwait City, Kuwait,65.81,115.39
127,128,Jabalpur, India,65.42,113.47
128,129,Kiev (Kyiv), Ukraine,65.40,114.18
129,130,Ankara, Turkey,65.36,112.87
130,131,Poznan, Poland,65.19,115.49
131,132,Belgrade, Serbia,64.91,115.13
132,133,Chisinau, Moldova,64.76,113.05
133,134,Jubail, Saudi Arabia,64.68,116.51
134,135,Riyadh, Saudi Arabia,64.58,114.63
135,136,Panama City, Panama,64.47,114.46
136,137,Thessaloniki, Greece,64.10,113.62
137,138,Varna, Bulgaria,64.02,111.97
138,139,Thane, India,64.01,111.53
139,140,Vadodara, India,63.81,110.10
140,141,Nicosia, Cyprus,63.26,108.45
141,142,Paris, France,63.26,112.60
142,143,Odessa (Odesa), Ukraine,63.11,109.37
143,144,Coimbatore, India,63.10,109.33
144,145,Medellin, Colombia,63.07,123.73
145,146,Guadalajara, Mexico,62.82,108.16
146,147,Jerusalem, Israel,62.70,110.59
147,148,Bitola, North Macedonia,62.62,110.50
148,149,Shenzhen, China,62.39,109.16
149,150,Saint Petersburg, Russia,62.33,106.57
150,151,Ranchi, India,62.31,108.46
151,152,Brussels, Belgium,62.13,110.17
152,153,Jaipur, India,61.97,106.88
153,154,Salt Lake City," UT, United States",61.93,120.82
154,155,Warsaw, Poland,61.78,115.99
155,156,Indore, India,61.51,108.32
156,157,Nagpur, India,61.38,106.02
157,158,Johannesburg, South Africa,61.25,106.71
158,159,Manama, Bahrain,61.24,107.36
159,160,Rajkot, India,60.46,103.70
160,161,Doha, Qatar,60.44,106.21
161,162,Colombo, Sri Lanka,60.41,104.30
162,163,Ibague, Colombia,60.29,106.70
163,164,Navi Mumbai, India,60.27,104.50
164,165,Detroit," MI, United States",60.15,105.46
165,166,Plovdiv, Bulgaria,60.14,109.76
166,167,Puerto Vallarta, Mexico,59.96,102.88
167,168,Gdynia, Poland,59.94,101.86
168,169,Izmir, Turkey,59.16,100.84
169,170,Bhopal, India,58.97,102.61
170,171,Gdansk, Poland,58.92,100.06
171,172,Seoul, South Korea,58.75,107.00
172,173,Antwerp, Belgium,58.65,105.68
173,174,Mysore, India,58.57,99.57
174,175,Iasi, Romania,58.57,101.62
175,176,Davao, Philippines,58.55,99.71
176,177,New York," NY, United States",57.90,101.47
177,178,London, United Kingdom,57.84,103.63
178,179,Isfahan (Esfahan), Iran,57.66,106.85
179,180,Athens, Greece,57.31,104.50
180,181,Moscow, Russia,57.27,99.46
181,182,Yerevan, Armenia,57.19,101.92
182,183,Timisoara, Romania,56.96,98.32
183,184,Thiruvananthapuram, India,56.82,97.78
184,185,Surat, India,56.72,98.13
185,186,Jamshedpur, India,56.54,98.18
186,187,Houston," TX, United States",56.52,97.56
187,188,Porto Alegre, Brazil,56.43,97.60
188,189,Pretoria, South Africa,56.34,97.35
189,190,Bologna, Italy,56.28,101.23
190,191,Phoenix," AZ, United States",55.98,96.62
191,192,Udaipur, India,55.84,99.00
192,193,Banja Luka, Bosnia And Herzegovina,55.62,96.11
193,194,Kharkiv, Ukraine,55.62,95.03
194,195,Hamilton, Canada,55.35,97.97
195,196,Surabaya, Indonesia,55.29,93.82
196,197,Qingdao," Shandong, China",55.09,94.60
197,198,Osaka, Japan,54.83,93.31
198,199,Budapest, Hungary,54.44,97.31
199,200,Philadelphia," PA, United States",53.98,93.85
200,201,Durban, South Africa,53.07,92.18
201,202,Las Vegas," NV, United States",52.93,89.01
202,203,Manchester, United Kingdom,52.84,90.71
203,204,Buenos Aires, Argentina,52.65,90.00
204,205,Belo Horizonte, Brazil,52.49,90.81
205,206,Nasik, India,52.47,93.07
206,207,Tiruchirapalli (Trichy), India,52.45,89.69
207,208,Limassol, Cyprus,52.42,89.56
208,209,Lviv, Ukraine,52.11,88.00
209,210,Madrid, Spain,52.03,99.73
210,211,San Jose, Costa Rica,51.95,91.40
211,212,Chandigarh, India,51.51,87.87
212,213,Lyon, France,50.96,90.70
213,214,San Juan, Puerto Rico,50.83,87.31
214,215,Novi Sad, Serbia,50.71,84.97
215,216,New Orleans," LA, United States",50.65,94.14
216,217,Dubai, United Arab Emirates,50.24,86.24
217,218,Taipei, Taiwan,49.88,84.31
218,219,Astana (Nur-Sultan), Kazakhstan,49.50,84.33
219,220,Bhubaneswar, India,49.20,82.60
220,221,Shimla, India,48.98,83.58
221,222,Montevideo, Uruguay,48.96,88.45
222,223,Chicago," IL, United States",48.88,83.19
223,224,San Francisco," CA, United States",48.83,84.25
224,225,Goa, India,48.47,88.09
225,226,Birmingham, United Kingdom,48.26,83.26
226,227,Sharjah, United Arab Emirates,48.04,80.15
227,228,Campinas, Brazil,47.50,80.10
228,229,Tel Aviv-Yafo, Israel,46.98,81.63
229,230,Pittsburgh," PA, United States",46.17,79.58
230,231,Leeds, United Kingdom,45.73,80.43
231,232,Stuttgart, Germany,45.58,84.05
232,233,San Jose," CA, United States",45.58,76.26
233,234,Sacramento," CA, United States",45.55,77.02
234,235,San Antonio," TX, United States",45.28,75.42
235,236,Mangalore, India,44.95,73.93
236,237,Atlanta," GA, United States",44.88,74.47
237,238,Bursa, Turkey,44.54,74.42
238,239,Valencia, Spain,44.45,76.92
239,240,Abu Dhabi, United Arab Emirates,44.38,74.20
240,241,Denver," CO, United States",43.92,76.18
241,242,Cincinnati," OH, United States",43.92,75.00
242,243,Cluj-Napoca, Romania,43.92,73.72
243,244,Cuenca, Ecuador,43.91,84.00
244,245,Bristol, United Kingdom,43.71,73.68
245,246,Gent, Belgium,43.33,74.39
246,247,Brno, Czech Republic,43.26,72.86
247,248,Louisville," KY, United States",42.83,73.72
248,249,Tokyo, Japan,42.31,69.00
249,250,Islamabad, Pakistan,41.86,70.55
250,251,Indianapolis," IN, United States",41.78,70.10
251,252,Jacksonville," FL, United States",41.74,77.53
252,253,Dallas," TX, United States",41.61,68.91
253,254,Minsk, Belarus,41.59,69.12
254,255,Bratislava, Slovakia,40.90,69.25
255,256,Dublin, Ireland,40.70,67.88
256,257,Merida, Mexico,40.46,68.89
257,258,Washington," DC, United States",40.06,67.91
258,259,Antalya, Turkey,39.93,65.71
259,260,Regina, Canada,39.86,66.05
260,261,Miami," FL, United States",39.35,65.94
261,262,Oakland," CA, United States",39.19,67.09
262,263,Saint Louis," MO, United States",39.04,66.74
263,264,Berlin, Germany,38.59,64.44
264,265,Cape Town, South Africa,38.44,64.51
265,266,Toronto, Canada,37.81,62.37
266,267,Riga, Latvia,37.72,62.60
267,268,Winnipeg, Canada,37.02,61.52
268,269,Queretaro, Mexico,36.93,60.98
269,270,Frankfurt, Germany,36.74,61.74
270,271,Honolulu," HI, United States",36.66,61.48
271,272,Austin," TX, United States",36.50,62.17
272,273,Muscat, Oman,36.31,58.16
273,274,Nashville," TN, United States",35.71,59.51
274,275,Glasgow, United Kingdom,35.69,62.39
275,276,Split, Croatia,35.61,63.63
276,277,Lisbon, Portugal,35.60,59.14
277,278,Brampton, Canada,35.49,58.63
278,279,Porto, Portugal,35.12,58.28
279,280,San Diego," CA, United States",35.05,61.39
280,281,Orlando," FL, United States",35.03,60.36
281,282,Brasov, Romania,34.60,55.34
282,283,Prague, Czech Republic,34.42,58.80
283,284,Nizhny Novgorod, Russia,33.92,54.26
284,285,Singapore, Singapore,33.31,56.49
285,286,Montreal, Canada,33.25,56.00
286,287,Brasilia, Brazil,32.89,56.42
287,288,Zagreb, Croatia,32.76,55.42
288,289,Reno," NV, United States",32.67,53.24
289,290,Curitiba, Brazil,31.43,56.30
290,291,Kansas City," MO, United States",31.41,52.91
291,292,Boise," ID, United States",31.33,52.06
292,293,Richmond," VA, United States",31.14,51.74
293,294,Portland," OR, United States",30.88,52.62
294,295,Amsterdam, Netherlands,30.75,51.57
295,296,Hamburg, Germany,30.74,51.67
296,297,Utrecht, Netherlands,30.53,51.97
297,298,Colorado Springs," CO, United States",30.05,51.74
298,299,Saskatoon, Canada,29.89,49.41
299,300,Tampa," FL, United States",29.62,51.21
300,301,Edmonton, Canada,29.37,48.97
301,302,Auckland, New Zealand,29.31,49.87
302,303,Cairns, Australia,28.92,46.60
303,304,Milwaukee," WI, United States",28.89,51.31
304,305,Seattle," WA, United States",28.84,50.82
305,306,Charlotte," NC, United States",28.44,47.40
306,307,Sydney, Australia,27.52,44.34
307,308,Edinburgh, United Kingdom,27.37,49.01
308,309,Belfast, United Kingdom,27.32,44.36
309,310,Albuquerque," NM, United States",27.09,47.92
310,311,Boston," MA, United States",26.83,45.68
311,312,Tucson," AZ, United States",26.70,46.67
312,313,Kelowna, Canada,26.59,43.00
313,314,Cork, Ireland,26.37,45.62
314,315,Minneapolis," MN, United States",26.22,44.11
315,316,Columbus," OH, United States",25.96,42.03
316,317,Melbourne, Australia,25.86,42.24
317,318,Gold Coast, Australia,25.68,42.93
318,319,Vancouver, Canada,25.19,42.23
319,320,Munich, Germany,24.96,40.60
320,321,Mississauga, Canada,24.20,40.01
321,322,Geneva, Switzerland,24.16,42.19
322,323,Calgary, Canada,24.00,38.38
323,324,Vilnius, Lithuania,23.93,39.12
324,325,Darwin, Australia,23.79,37.14
325,326,Oslo, Norway,23.47,38.84
326,327,Perth, Australia,23.40,37.14
327,328,Ljubljana, Slovenia,23.21,41.94
328,329,Christchurch, New Zealand,23.08,38.12
329,330,Halifax, Canada,22.96,40.42
330,331,Tallinn, Estonia,22.75,37.12
331,332,Brisbane, Australia,22.66,36.75
332,333,Raleigh," NC, United States",22.61,37.11
333,334,Eindhoven, Netherlands,22.37,38.46
334,335,Copenhagen, Denmark,21.89,34.61
335,336,Ottawa, Canada,21.61,36.53
336,337,Luxembourg, Luxembourg,21.18,32.16
337,338,Gothenburg, Sweden,20.70,33.40
338,339,The Hague (Den Haag), Netherlands,20.46,32.56
339,340,Bergen, Norway,20.41,33.13
340,341,Stockholm, Sweden,19.48,30.92
341,342,Madison," WI, United States",18.98,37.95
342,343,Adelaide, Australia,18.18,29.26
343,344,Zurich, Switzerland,18.00,28.95
344,345,Vienna, Austria,17.44,29.29
345,346,Reykjavik, Iceland,15.01,26.75
346,347,Victoria, Canada,14.62,28.99
347,348,Hobart, Australia,13.87,23.29
348,349,Wellington, New Zealand,13.69,29.17
349,350,Helsinki, Finland,13.65,22.04
350,351,Canberra, Australia,13.37,20.57
351,352,Malmo, Sweden,13.10,22.41
352,353,Stavanger, Norway,12.29,20.67
